name,Power,Ground
A.J. Achter,vs. Finesse,vs. Fly Ball
A.J. Burnett,vs. avg.P/F,vs. GrndBall
A.J. Cole,vs. Power,vs. Fly Ball
A.J. Griffin,vs. Finesse,vs. Fly Ball
A.J. Minter,vs. Power,vs. Fly Ball
A.J. Schugel,vs. avg.P/F,vs. GrndBall
AJ Ramos,vs. Power,vs. Fly Ball
Aaron Barrett,vs. Power,vs. avg.F/G
Aaron Blair,vs. avg.P/F,vs. avg.F/G
Aaron Brooks,vs. Finesse,vs. avg.F/G
Aaron Crow,vs. avg.P/F,vs. avg.F/G
Aaron Harang,vs. Finesse,vs. Fly Ball
Aaron Loup,vs. avg.P/F,vs. GrndBall
Aaron Nola,vs. avg.P/F,vs. GrndBall
Aaron Poreda,vs. Power,vs. avg.F/G
Aaron Sanchez,vs. avg.P/F,vs. GrndBall
Adalberto Mejia,vs. avg.P/F,vs. avg.F/G
Adam Cimber,vs. avg.P/F,vs. GrndBall
Adam Conley,vs. avg.P/F,vs. Fly Ball
Adam Liberatore,vs. Power,vs. avg.F/G
Adam Morgan,vs. Finesse,vs. Fly Ball
Adam Ottavino,vs. Power,vs. avg.F/G
Adam Plutko,vs. Finesse,vs. Fly Ball
Adam Wainwright,vs. Finesse,vs. GrndBall
Adam Warren,vs. avg.P/F,vs. avg.F/G
Addison Reed,vs. avg.P/F,vs. Fly Ball
Al Alburquerque,vs. Power,vs. avg.F/G
Alan Busenitz,vs. avg.P/F,vs. Fly Ball
Albert Suarez,vs. Finesse,vs. GrndBall
Alec Asher,vs. Finesse,vs. Fly Ball
Alex Claudio,vs. Finesse,vs. GrndBall
Alex Cobb,vs. Finesse,vs. GrndBall
Alex Colome,vs. avg.P/F,vs. avg.F/G
Alex Meyer,vs. Power,vs. avg.F/G
Alex Reyes,vs. Power,vs. Fly Ball
Alex Torres,vs. Power,vs. GrndBall
Alex Wilson,vs. Finesse,vs. avg.F/G
Alex Wood,vs. avg.P/F,vs. GrndBall
Alexi Ogando,vs. avg.P/F,vs. Fly Ball
Alfredo Aceves,vs. Finesse,vs. Fly Ball
Alfredo Simon,vs. Finesse,vs. GrndBall
Allen Webster,vs. avg.P/F,vs. GrndBall
Amir Garrett,vs. Power,vs. avg.F/G
Andre Rienzo,vs. avg.P/F,vs. avg.F/G
Andrew Albers,vs. Finesse,vs. avg.F/G
Andrew Bailey,vs. Power,vs. Fly Ball
Andrew Bellatti,vs. avg.P/F,vs. Fly Ball
Andrew Cashner,vs. Finesse,vs. GrndBall
Andrew Chafin,vs. Power,vs. GrndBall
Andrew Heaney,vs. avg.P/F,vs. avg.F/G
Andrew Kittredge,vs. Finesse,vs. GrndBall
Andrew Miller,vs. Power,vs. GrndBall
Andrew Suarez,vs. Finesse,vs. GrndBall
Andrew Triggs,vs. avg.P/F,vs. GrndBall
Anibal Sanchez,vs. avg.P/F,vs. avg.F/G
Anthony Banda,vs. avg.P/F,vs. Fly Ball
Anthony Bass,vs. Finesse,vs. GrndBall
Anthony DeSclafani,vs. Finesse,vs. avg.F/G
Anthony Ranaudo,vs. Finesse,vs. Fly Ball
Anthony Swarzak,vs. Finesse,vs. Fly Ball
Anthony Varvaro,vs. avg.P/F,vs. avg.F/G
Antonio Bastardo,vs. Power,vs. Fly Ball
Antonio Senzatela,vs. Finesse,vs. GrndBall
Archie Bradley,vs. Power,vs. GrndBall
Ariel Miranda,vs. avg.P/F,vs. Fly Ball
Ariel Pena,vs. Power,vs. avg.F/G
Arodys Vizcaino,vs. Power,vs. Fly Ball
Aroldis Chapman,vs. Power,vs. avg.F/G
Arquimedes Caminero,vs. avg.P/F,vs. avg.F/G
Asher Wojciechowski,vs. avg.P/F,vs. Fly Ball
Austin Adams,vs. Finesse,vs. GrndBall
Austin Bibens-Dirkx,vs. Finesse,vs. avg.F/G
Austin Brice,vs. avg.P/F,vs. GrndBall
Austin Pruitt,vs. Finesse,vs. GrndBall
Bartolo Colon,vs. Finesse,vs. avg.F/G
Ben Lively,vs. Finesse,vs. Fly Ball
Blaine Boyer,vs. Finesse,vs. GrndBall
Blaine Hardy,vs. avg.P/F,vs. Fly Ball
Blake Parker,vs. Power,vs. Fly Ball
Blake Snell,vs. Power,vs. avg.F/G
Blake Treinen,vs. avg.P/F,vs. GrndBall
Blake Wood,vs. Power,vs. GrndBall
Bobby Parnell,vs. avg.P/F,vs. GrndBall
Bobby Poyner,vs. Finesse,vs. Fly Ball
Boone Logan,vs. Power,vs. avg.F/G
Brad Boxberger,vs. Power,vs. Fly Ball
Brad Brach,vs. Power,vs. Fly Ball
Brad Hand,vs. avg.P/F,vs. avg.F/G
Brad Keller,vs. Finesse,vs. GrndBall
Brad Peacock,vs. Power,vs. Fly Ball
Brad Penny,vs. Finesse,vs. avg.F/G
Brad Ziegler,vs. Finesse,vs. GrndBall
Braden Shipley,vs. Finesse,vs. avg.F/G
Brandon Cumpton,vs. Finesse,vs. GrndBall
Brandon Cunniff,vs. Power,vs. Fly Ball
Brandon Finnegan,vs. Power,vs. avg.F/G
Brandon Gomes,vs. avg.P/F,vs. Fly Ball
Brandon Kintzler,vs. Finesse,vs. GrndBall
Brandon League,vs. Finesse,vs. GrndBall
Brandon Maurer,vs. Finesse,vs. avg.F/G
Brandon McCarthy,vs. Finesse,vs. avg.F/G
Brandon Morrow,vs. Power,vs. Fly Ball
Brandon Woodruff,vs. avg.P/F,vs. avg.F/G
Brent Suter,vs. Finesse,vs. avg.F/G
Brett Anderson,vs. Finesse,vs. GrndBall
Brett Cecil,vs. avg.P/F,vs. avg.F/G
Brett Oberholtzer,vs. Finesse,vs. Fly Ball
Brian Duensing,vs. Finesse,vs. avg.F/G
Brian Ellington,vs. Power,vs. Fly Ball
Brian Flynn,vs. avg.P/F,vs. GrndBall
Brian Johnson,vs. Finesse,vs. Fly Ball
Brian Matusz,vs. avg.P/F,vs. Fly Ball
Brian Schlitter,vs. Finesse,vs. GrndBall
Brian Wilson,vs. Power,vs. avg.F/G
Brock Stewart,vs. avg.P/F,vs. avg.F/G
Bronson Arroyo,vs. Finesse,vs. Fly Ball
Brooks Pounders,vs. avg.P/F,vs. Fly Ball
Bruce Chen,vs. Finesse,vs. Fly Ball
Bruce Rondon,vs. Power,vs. Fly Ball
Bryan Morris,vs. avg.P/F,vs. GrndBall
Bryan Shaw,vs. avg.P/F,vs. GrndBall
Buck Farmer,vs. avg.P/F,vs. avg.F/G
Bud Norris,vs. avg.P/F,vs. avg.F/G
Buddy Baumann,vs. Power,vs. Fly Ball
Buddy Boshers,vs. avg.P/F,vs. GrndBall
Buddy Carlyle,vs. avg.P/F,vs. Fly Ball
Burke Badenhop,vs. Finesse,vs. GrndBall
C.J. Wilson,vs. avg.P/F,vs. avg.F/G
CC Sabathia,vs. avg.P/F,vs. avg.F/G
Caleb Ferguson,vs. Power,vs. GrndBall
Caleb Smith,vs. Power,vs. Fly Ball
Caleb Thielbar,vs. avg.P/F,vs. Fly Ball
Cam Bedrosian,vs. Power,vs. avg.F/G
Carl Edwards,vs. Power,vs. avg.F/G
Carl Edwards Jr.,vs. Power,vs. avg.F/G
Carlos Carrasco,vs. avg.P/F,vs. GrndBall
Carlos Estevez,vs. Power,vs. avg.F/G
Carlos Frias,vs. Finesse,vs. GrndBall
Carlos Martinez,vs. Power,vs. GrndBall
Carlos Rodon,vs. Power,vs. avg.F/G
Carlos Torres,vs. avg.P/F,vs. avg.F/G
Carlos Villanueva,vs. avg.P/F,vs. Fly Ball
Carson Fulmer,vs. Power,vs. Fly Ball
Carson Smith,vs. Power,vs. GrndBall
Casey Coleman,vs. Finesse,vs. avg.F/G
Casey Fien,vs. Finesse,vs. Fly Ball
Casey Janssen,vs. Finesse,vs. avg.F/G
Casey Lawrence,vs. avg.P/F,vs. GrndBall
Cesar Ramos,vs. avg.P/F,vs. avg.F/G
Chad Bettis,vs. Finesse,vs. GrndBall
Chad Billingsley,vs. avg.P/F,vs. avg.F/G
Chad Green,vs. Power,vs. Fly Ball
Chad Kuhl,vs. avg.P/F,vs. avg.F/G
Chad Qualls,vs. Finesse,vs. GrndBall
Charlie Furbush,vs. Power,vs. Fly Ball
Charlie Morton,vs. avg.P/F,vs. GrndBall
Chase Anderson,vs. avg.P/F,vs. avg.F/G
Chase Whitley,vs. Finesse,vs. avg.F/G
Chasen Bradford,vs. Finesse,vs. GrndBall
Chasen Shreve,vs. Power,vs. avg.F/G
Chaz Roe,vs. Power,vs. GrndBall
Chi Chi Gonzalez,vs. Finesse,vs. GrndBall
Chien-Ming Wang,vs. Finesse,vs. GrndBall
Chris Archer,vs. Power,vs. avg.F/G
Chris Bassitt,vs. Finesse,vs. avg.F/G
Chris Beck,vs. avg.P/F,vs. avg.F/G
Chris Capuano,vs. Finesse,vs. Fly Ball
Chris Devenski,vs. Power,vs. Fly Ball
Chris Flexen,vs. avg.P/F,vs. avg.F/G
Chris Hatcher,vs. avg.P/F,vs. avg.F/G
Chris Heston,vs. avg.P/F,vs. GrndBall
Chris Martin,vs. Finesse,vs. GrndBall
Chris Narveson,vs. avg.P/F,vs. Fly Ball
Chris O'Grady,vs. Power,vs. Fly Ball
Chris Rusin,vs. Finesse,vs. GrndBall
Chris Sale,vs. Power,vs. avg.F/G
Chris Stratton,vs. avg.P/F,vs. avg.F/G
Chris Tillman,vs. Finesse,vs. Fly Ball
Chris Withrow,vs. Power,vs. avg.F/G
Chris Young,vs. avg.P/F,vs. Fly Ball
Christian Bergman,vs. Finesse,vs. Fly Ball
Christian Friedrich,vs. avg.P/F,vs. avg.F/G
Clay Buchholz,vs. Finesse,vs. avg.F/G
Clayton Kershaw,vs. Power,vs. avg.F/G
Clayton Richard,vs. Finesse,vs. GrndBall
Cliff Lee,vs. Finesse,vs. Fly Ball
Cody Allen,vs. Power,vs. Fly Ball
Cody Anderson,vs. Finesse,vs. avg.F/G
Cody Martin,vs. Finesse,vs. avg.F/G
Colby Lewis,vs. Finesse,vs. Fly Ball
Cole Hamels,vs. avg.P/F,vs. avg.F/G
Colin Rea,vs. avg.P/F,vs. GrndBall
Collin McHugh,vs. avg.P/F,vs. avg.F/G
Corey Kluber,vs. avg.P/F,vs. avg.F/G
Corey Knebel,vs. Power,vs. avg.F/G
Cory Gearrin,vs. Power,vs. GrndBall
Cory Mazzoni,vs. Finesse,vs. GrndBall
Cory Rasmus,vs. Power,vs. Fly Ball
Craig Breslow,vs. avg.P/F,vs. Fly Ball
Craig Kimbrel,vs. Power,vs. Fly Ball
Craig Stammen,vs. Finesse,vs. GrndBall
Daisuke Matsuzaka,vs. Power,vs. Fly Ball
Dale Thayer,vs. Finesse,vs. Fly Ball
Dalier Hinojosa,vs. avg.P/F,vs. avg.F/G
Dallas Keuchel,vs. Finesse,vs. GrndBall
Dan Altavilla,vs. Power,vs. Fly Ball
Dan Haren,vs. Finesse,vs. Fly Ball
Dan Jennings,vs. avg.P/F,vs. GrndBall
Dan Otero,vs. Finesse,vs. GrndBall
Dan Straily,vs. avg.P/F,vs. Fly Ball
Dan Winkler,vs. Power,vs. avg.F/G
Dana Eveland,vs. Finesse,vs. GrndBall
Daniel Gossett,vs. Finesse,vs. GrndBall
Daniel Hudson,vs. avg.P/F,vs. Fly Ball
Daniel Mengden,vs. Finesse,vs. avg.F/G
Daniel Norris,vs. avg.P/F,vs. Fly Ball
Daniel Webb,vs. Power,vs. GrndBall
Danny Barnes,vs. Power,vs. Fly Ball
Danny Coulombe,vs. Power,vs. GrndBall
Danny Duffy,vs. avg.P/F,vs. Fly Ball
Danny Farquhar,vs. Power,vs. avg.F/G
Danny Salazar,vs. Power,vs. avg.F/G
Darin Downs,vs. Power,vs. Fly Ball
Dario Alvarez,vs. Power,vs. Fly Ball
Darren O'Day,vs. Power,vs. Fly Ball
David Buchanan,vs. Finesse,vs. GrndBall
David Carpenter,vs. Power,vs. Fly Ball
David Hale,vs. Finesse,vs. GrndBall
David Hernandez,vs. Power,vs. Fly Ball
David Hess,vs. Finesse,vs. Fly Ball
David Holmberg,vs. Finesse,vs. avg.F/G
David Huff,vs. Finesse,vs. Fly Ball
David Paulino,vs. avg.P/F,vs. Fly Ball
David Phelps,vs. avg.P/F,vs. avg.F/G
David Price,vs. avg.P/F,vs. avg.F/G
David Robertson,vs. Power,vs. avg.F/G
Dellin Betances,vs. Power,vs. GrndBall
Deolis Guerra,vs. Finesse,vs. avg.F/G
Dereck Rodriguez,vs. Finesse,vs. GrndBall
Derek Holland,vs. Finesse,vs. avg.F/G
Derek Law,vs. avg.P/F,vs. GrndBall
Diego Castillo,vs. Power,vs. avg.F/G
Dillon Gee,vs. Finesse,vs. avg.F/G
Dillon Peters,vs. avg.P/F,vs. GrndBall
Dinelson Lamet,vs. Power,vs. Fly Ball
Domingo German,vs. Power,vs. Fly Ball
Dominic Leone,vs. Power,vs. avg.F/G
Donn Roach,vs. Finesse,vs. GrndBall
Donnie Hart,vs. Finesse,vs. GrndBall
Doug Fister,vs. Finesse,vs. GrndBall
Drew Hutchison,vs. avg.P/F,vs. Fly Ball
Drew Pomeranz,vs. Power,vs. avg.F/G
Drew Rucinski,vs. avg.P/F,vs. avg.F/G
Drew Smyly,vs. avg.P/F,vs. Fly Ball
Drew Steckenrider,vs. Power,vs. Fly Ball
Drew Storen,vs. avg.P/F,vs. avg.F/G
Dustin McGowan,vs. avg.P/F,vs. avg.F/G
Dylan Axelrod,vs. Finesse,vs. Fly Ball
Dylan Bundy,vs. avg.P/F,vs. Fly Ball
Dylan Covey,vs. Finesse,vs. GrndBall
Dylan Floro,vs. Finesse,vs. GrndBall
Eddie Butler,vs. Finesse,vs. GrndBall
Edgar Santana,vs. avg.P/F,vs. avg.F/G
Edinson Volquez,vs. avg.P/F,vs. GrndBall
Eduardo Rodriguez,vs. avg.P/F,vs. Fly Ball
Edubray Ramos,vs. Power,vs. Fly Ball
Edward Mujica,vs. Finesse,vs. Fly Ball
Edward Paredes,vs. avg.P/F,vs. Fly Ball
Edwin Diaz,vs. Power,vs. avg.F/G
Edwin Jackson,vs. Finesse,vs. avg.F/G
Elieser Hernandez,vs. Finesse,vs. Fly Ball
Elvis Araujo,vs. Power,vs. Fly Ball
Emilio Pagan,vs. avg.P/F,vs. Fly Ball
Enny Romero,vs. Power,vs. Fly Ball
Enrique Burgos,vs. Power,vs. avg.F/G
Enyel De Los Santos,vs. Power,vs. Fly Ball
Erasmo Ramirez,vs. Finesse,vs. avg.F/G
Eric Lauer,vs. avg.P/F,vs. Fly Ball
Eric Stults,vs. Finesse,vs. Fly Ball
Eric Surkamp,vs. Finesse,vs. Fly Ball
Erick Fedde,vs. Finesse,vs. GrndBall
Erik Bedard,vs. Power,vs. Fly Ball
Erik Goeddel,vs. Power,vs. Fly Ball
Erik Johnson,vs. Finesse,vs. Fly Ball
Ernesto Frieri,vs. Power,vs. Fly Ball
Ervin Santana,vs. Finesse,vs. Fly Ball
Esmil Rogers,vs. avg.P/F,vs. avg.F/G
Eury De La Rosa,vs. avg.P/F,vs. Fly Ball
Evan Marshall,vs. avg.P/F,vs. GrndBall
Evan Scribner,vs. Finesse,vs. Fly Ball
Felipe Vazquez,vs. Power,vs. GrndBall
Felix Doubront,vs. avg.P/F,vs. avg.F/G
Felix Hernandez,vs. avg.P/F,vs. GrndBall
Felix Pena,vs. Power,vs. Fly Ball
Fernando Abad,vs. avg.P/F,vs. Fly Ball
Fernando Rodney,vs. Power,vs. GrndBall
Fernando Rodriguez,vs. Power,vs. Fly Ball
Fernando Romero,vs. avg.P/F,vs. avg.F/G
Fernando Salas,vs. avg.P/F,vs. Fly Ball
Francis Martes,vs. Power,vs. avg.F/G
Francisco Liriano,vs. Power,vs. GrndBall
Francisco Rodriguez,vs. Power,vs. avg.F/G
Frankie Montas,vs. avg.P/F,vs. avg.F/G
Franklin Morales,vs. avg.P/F,vs. avg.F/G
Freddy Peralta,vs. Power,vs. Fly Ball
Garrett Richards,vs. avg.P/F,vs. GrndBall
Gavin Floyd,vs. Finesse,vs. avg.F/G
George Kontos,vs. Finesse,vs. avg.F/G
German Marquez,vs. avg.P/F,vs. GrndBall
Gerrit Cole,vs. avg.P/F,vs. GrndBall
Gio Gonzalez,vs. Power,vs. avg.F/G
Glen Perkins,vs. Finesse,vs. Fly Ball
Gonzalez Germen,vs. Power,vs. avg.F/G
Grant Balfour,vs. Power,vs. Fly Ball
Greg Holland,vs. Power,vs. avg.F/G
Greg Infante,vs. Power,vs. Fly Ball
Hansel Robles,vs. Power,vs. Fly Ball
Heath Bell,vs. Power,vs. avg.F/G
Heath Hembree,vs. avg.P/F,vs. Fly Ball
Hector Neris,vs. Power,vs. Fly Ball
Hector Noesi,vs. Finesse,vs. Fly Ball
Hector Rondon,vs. Power,vs. GrndBall
Hector Santiago,vs. avg.P/F,vs. Fly Ball
Hector Velazquez,vs. Finesse,vs. GrndBall
Henderson Alvarez,vs. Finesse,vs. GrndBall
Henry Owens,vs. avg.P/F,vs. Fly Ball
Hiroki Kuroda,vs. Finesse,vs. avg.F/G
Hisashi Iwakuma,vs. Finesse,vs. GrndBall
Homer Bailey,vs. Finesse,vs. avg.F/G
Hunter Strickland,vs. avg.P/F,vs. avg.F/G
Huston Street,vs. avg.P/F,vs. Fly Ball
Hyun-Jin Ryu,vs. Finesse,vs. GrndBall
Ian Kennedy,vs. avg.P/F,vs. Fly Ball
Ian Krol,vs. avg.P/F,vs. avg.F/G
Ivan Nova,vs. Finesse,vs. GrndBall
J.A. Happ,vs. avg.P/F,vs. Fly Ball
J.C. Gutierrez,vs. avg.P/F,vs. Fly Ball
J.C. Ramirez,vs. Finesse,vs. GrndBall
J.J. Hoover,vs. Power,vs. Fly Ball
J.P. Howell,vs. Power,vs. GrndBall
JT Chargois,vs. Power,vs. GrndBall
Jack Flaherty,vs. Power,vs. avg.F/G
Jackson Stephens,vs. avg.P/F,vs. avg.F/G
Jacob Barnes,vs. Power,vs. GrndBall
Jacob Turner,vs. Finesse,vs. GrndBall
Jacob deGrom,vs. Power,vs. avg.F/G
Jaime Barria,vs. Finesse,vs. Fly Ball
Jaime Garcia,vs. Finesse,vs. GrndBall
Jake Arrieta,vs. avg.P/F,vs. GrndBall
Jake Buchanan,vs. Finesse,vs. GrndBall
Jake Diekman,vs. Power,vs. GrndBall
Jake Faria,vs. avg.P/F,vs. Fly Ball
Jake McGee,vs. Power,vs. Fly Ball
Jake Odorizzi,vs. avg.P/F,vs. Fly Ball
Jake Peavy,vs. avg.P/F,vs. Fly Ball
Jake Petricka,vs. Finesse,vs. GrndBall
Jake Thompson,vs. avg.P/F,vs. avg.F/G
Jakob Junis,vs. Finesse,vs. Fly Ball
James Paxton,vs. avg.P/F,vs. GrndBall
James Pazos,vs. Power,vs. GrndBall
James Shields,vs. Finesse,vs. avg.F/G
Jameson Taillon,vs. avg.P/F,vs. GrndBall
Jamey Wright,vs. Finesse,vs. GrndBall
Jared Burton,vs. avg.P/F,vs. avg.F/G
Jared Hughes,vs. Finesse,vs. GrndBall
Jarlin Garcia,vs. Finesse,vs. avg.F/G
Jarred Cosart,vs. avg.P/F,vs. GrndBall
Jason Frasor,vs. Power,vs. avg.F/G
Jason Grilli,vs. Power,vs. Fly Ball
Jason Hammel,vs. Finesse,vs. avg.F/G
Jason Marquis,vs. Finesse,vs. GrndBall
Jason Motte,vs. avg.P/F,vs. Fly Ball
Jason Vargas,vs. Finesse,vs. Fly Ball
Javy Guerra,vs. avg.P/F,vs. avg.F/G
Jean Machi,vs. Finesse,vs. GrndBall
Jeanmar Gomez,vs. Finesse,vs. GrndBall
Jeff Francis,vs. Finesse,vs. avg.F/G
Jeff Hoffman,vs. avg.P/F,vs. avg.F/G
Jeff Locke,vs. Finesse,vs. GrndBall
Jeff Manship,vs. Finesse,vs. avg.F/G
Jeff Samardzija,vs. avg.P/F,vs. avg.F/G
Jenrry Mejia,vs. avg.P/F,vs. GrndBall
Jerad Eickhoff,vs. avg.P/F,vs. Fly Ball
Jered Weaver,vs. Finesse,vs. Fly Ball
Jeremy Affeldt,vs. avg.P/F,vs. GrndBall
Jeremy Guthrie,vs. Finesse,vs. Fly Ball
Jeremy Hellickson,vs. Finesse,vs. Fly Ball
Jeremy Jeffress,vs. avg.P/F,vs. GrndBall
Jerome Williams,vs. Finesse,vs. GrndBall
Jerry Blevins,vs. Power,vs. Fly Ball
Jesse Biddle,vs. Power,vs. GrndBall
Jesse Chavez,vs. avg.P/F,vs. avg.F/G
Jesse Hahn,vs. Finesse,vs. GrndBall
Jeurys Familia,vs. Power,vs. GrndBall
Jharel Cotton,vs. avg.P/F,vs. Fly Ball
Jhoulys Chacin,vs. avg.P/F,vs. GrndBall
Jim Henderson,vs. Power,vs. Fly Ball
Jim Johnson,vs. Finesse,vs. GrndBall
Jimmie Sherfy,vs. Power,vs. Fly Ball
Jimmy Nelson,vs. avg.P/F,vs. GrndBall
Joakim Soria,vs. Power,vs. avg.F/G
Joaquin Benoit,vs. Power,vs. Fly Ball
Joba Chamberlain,vs. Power,vs. avg.F/G
Joe Beimel,vs. Finesse,vs. avg.F/G
Joe Biagini,vs. Finesse,vs. GrndBall
Joe Blanton,vs. Finesse,vs. avg.F/G
Joe Jimenez,vs. avg.P/F,vs. Fly Ball
Joe Kelly,vs. avg.P/F,vs. GrndBall
Joe Musgrove,vs. Finesse,vs. avg.F/G
Joe Nathan,vs. Power,vs. Fly Ball
Joe Ross,vs. avg.P/F,vs. avg.F/G
Joe Smith,vs. avg.P/F,vs. GrndBall
Joe Thatcher,vs. Power,vs. Fly Ball
Joel Peralta,vs. avg.P/F,vs. Fly Ball
Joey Lucchesi,vs. Power,vs. GrndBall
John Axford,vs. Power,vs. GrndBall
John Baker,vs. Power,vs. Fly Ball
John Brebbia,vs. avg.P/F,vs. Fly Ball
John Danks,vs. Finesse,vs. Fly Ball
John Gant,vs. avg.P/F,vs. GrndBall
John Lackey,vs. Finesse,vs. avg.F/G
Johnny Cueto,vs. Finesse,vs. avg.F/G
Jon Gray,vs. Power,vs. GrndBall
Jon Lester,vs. avg.P/F,vs. avg.F/G
Jon Niese,vs. Finesse,vs. GrndBall
Jonathan Broxton,vs. Power,vs. avg.F/G
Jonathan Holder,vs. Finesse,vs. Fly Ball
Jonathan Loaisiga,vs. Power,vs. GrndBall
Jonathan Papelbon,vs. Power,vs. Fly Ball
Jordan Hicks,vs. Power,vs. GrndBall
Jordan Lyles,vs. Finesse,vs. GrndBall
Jordan Montgomery,vs. avg.P/F,vs. Fly Ball
Jordan Zimmermann,vs. Finesse,vs. avg.F/G
Jorge De La Rosa,vs. avg.P/F,vs. GrndBall
Jose Alvarado,vs. Power,vs. GrndBall
Jose Alvarez,vs. avg.P/F,vs. avg.F/G
Jose Berrios,vs. avg.P/F,vs. Fly Ball
Jose Castillo,vs. Power,vs. Fly Ball
Jose De Leon,vs. avg.P/F,vs. GrndBall
Jose Fernandez,vs. Power,vs. avg.F/G
Jose Leclerc,vs. Power,vs. Fly Ball
Jose Quintana,vs. Finesse,vs. avg.F/G
Jose Ramirez,vs. Power,vs. Fly Ball
Jose Torres,vs. avg.P/F,vs. Fly Ball
Jose Urena,vs. Finesse,vs. GrndBall
Jose Valdez,vs. avg.P/F,vs. avg.F/G
Jose Veras,vs. Power,vs. Fly Ball
Josh Beckett,vs. avg.P/F,vs. avg.F/G
Josh Collmenter,vs. Finesse,vs. Fly Ball
Josh Edgin,vs. avg.P/F,vs. avg.F/G
Josh Fields,vs. Power,vs. Fly Ball
Josh Hader,vs. Power,vs. Fly Ball
Josh Osich,vs. avg.P/F,vs. GrndBall
Josh Outman,vs. avg.P/F,vs. avg.F/G
Josh Ravin,vs. Power,vs. avg.F/G
Josh Smith,vs. avg.P/F,vs. avg.F/G
Josh Smoker,vs. Power,vs. Fly Ball
Josh Tomlin,vs. Finesse,vs. avg.F/G
Juan Carlos Oviedo,vs. Finesse,vs. Fly Ball
Juan Minaya,vs. Power,vs. Fly Ball
Juan Nicasio,vs. avg.P/F,vs. avg.F/G
Julio Teheran,vs. avg.P/F,vs. Fly Ball
Julio Urias,vs. Power,vs. GrndBall
Jumbo Diaz,vs. Power,vs. avg.F/G
Junichi Tazawa,vs. avg.P/F,vs. Fly Ball
Junior Guerra,vs. Power,vs. avg.F/G
Justin Anderson,vs. Power,vs. avg.F/G
Justin De Fratus,vs. avg.P/F,vs. avg.F/G
Justin Grimm,vs. Power,vs. avg.F/G
Justin Masterson,vs. avg.P/F,vs. GrndBall
Justin Miller,vs. Power,vs. Fly Ball
Justin Nicolino,vs. Finesse,vs. GrndBall
Justin Verlander,vs. avg.P/F,vs. Fly Ball
Justin Wilson,vs. Power,vs. avg.F/G
Kelvin Herrera,vs. avg.P/F,vs. GrndBall
Ken Giles,vs. Power,vs. avg.F/G
Kendall Graveman,vs. Finesse,vs. GrndBall
Kenley Jansen,vs. Power,vs. Fly Ball
Kenta Maeda,vs. Power,vs. avg.F/G
Keone Kela,vs. Power,vs. avg.F/G
Kevin Chapman,vs. Power,vs. avg.F/G
Kevin Correia,vs. Finesse,vs. avg.F/G
Kevin Gausman,vs. avg.P/F,vs. avg.F/G
Kevin Jepsen,vs. avg.P/F,vs. avg.F/G
Kevin McCarthy,vs. Finesse,vs. GrndBall
Kevin Quackenbush,vs. avg.P/F,vs. avg.F/G
Kevin Siegrist,vs. Power,vs. Fly Ball
Keynan Middleton,vs. Power,vs. Fly Ball
Keyvius Sampson,vs. Power,vs. avg.F/G
Kirby Yates,vs. Power,vs. Fly Ball
Koda Glover,vs. Finesse,vs. avg.F/G
Koji Uehara,vs. Power,vs. Fly Ball
Kris Medlen,vs. Finesse,vs. avg.F/G
Kyle Barraclough,vs. Power,vs. GrndBall
Kyle Crick,vs. Power,vs. Fly Ball
Kyle Crockett,vs. avg.P/F,vs. GrndBall
Kyle Freeland,vs. Finesse,vs. GrndBall
Kyle Gibson,vs. Finesse,vs. GrndBall
Kyle Hendricks,vs. Finesse,vs. GrndBall
Kyle Kendrick,vs. Finesse,vs. avg.F/G
Kyle Lobstein,vs. Finesse,vs. GrndBall
Kyle Lohse,vs. Finesse,vs. Fly Ball
Kyle Ryan,vs. Finesse,vs. GrndBall
LaTroy Hawkins,vs. Finesse,vs. avg.F/G
Lance Lynn,vs. Power,vs. avg.F/G
Lance McCullers,vs. Power,vs. GrndBall
Lance McCullers Jr.,vs. Power,vs. GrndBall
Liam Hendriks,vs. Finesse,vs. avg.F/G
Lisalverto Bonilla,vs. Power,vs. avg.F/G
Logan Kensing,vs. Power,vs. Fly Ball
Logan Ondrusek,vs. avg.P/F,vs. avg.F/G
Logan Verrett,vs. avg.P/F,vs. GrndBall
Lou Trivino,vs. Power,vs. GrndBall
Louis Coleman,vs. Power,vs. Fly Ball
Lucas Giolito,vs. Finesse,vs. avg.F/G
Lucas Harrell,vs. avg.P/F,vs. GrndBall
Lucas Sims,vs. avg.P/F,vs. Fly Ball
Luis Avilan,vs. avg.P/F,vs. GrndBall
Luis Castillo,vs. Power,vs. GrndBall
Luis Cessa,vs. Finesse,vs. avg.F/G
Luis Garcia,vs. Power,vs. GrndBall
Luis Perdomo,vs. Finesse,vs. GrndBall
Luis Severino,vs. Power,vs. GrndBall
Luke Farrell,vs. Power,vs. Fly Ball
Luke Gregerson,vs. avg.P/F,vs. GrndBall
Luke Hochevar,vs. Finesse,vs. avg.F/G
Luke Jackson,vs. Finesse,vs. avg.F/G
Luke Weaver,vs. Power,vs. avg.F/G
Madison Bumgarner,vs. avg.P/F,vs. avg.F/G
Marc Rzepczynski,vs. Power,vs. GrndBall
Marco Estrada,vs. avg.P/F,vs. Fly Ball
Marco Gonzales,vs. Finesse,vs. avg.F/G
Marcus Stroman,vs. Finesse,vs. GrndBall
Mario Hollands,vs. avg.P/F,vs. GrndBall
Mark Buehrle,vs. Finesse,vs. avg.F/G
Mark Leiter,vs. avg.P/F,vs. GrndBall
Mark Melancon,vs. avg.P/F,vs. GrndBall
Martin Perez,vs. Finesse,vs. GrndBall
Masahiro Tanaka,vs. avg.P/F,vs. GrndBall
Mat Latos,vs. avg.P/F,vs. avg.F/G
Matt Albers,vs. Finesse,vs. GrndBall
Matt Andriese,vs. Finesse,vs. avg.F/G
Matt Barnes,vs. Power,vs. avg.F/G
Matt Belisle,vs. Finesse,vs. GrndBall
Matt Bush,vs. avg.P/F,vs. avg.F/G
Matt Cain,vs. avg.P/F,vs. Fly Ball
Matt Dermody,vs. Finesse,vs. Fly Ball
Matt Garza,vs. Finesse,vs. avg.F/G
Matt Grace,vs. Finesse,vs. GrndBall
Matt Harrison,vs. Finesse,vs. avg.F/G
Matt Harvey,vs. avg.P/F,vs. avg.F/G
Matt Koch,vs. Finesse,vs. avg.F/G
Matt Lindstrom,vs. Finesse,vs. avg.F/G
Matt Magill,vs. Power,vs. Fly Ball
Matt Moore,vs. avg.P/F,vs. Fly Ball
Matt Shoemaker,vs. Finesse,vs. Fly Ball
Matt Strahm,vs. Power,vs. Fly Ball
Matt Thornton,vs. Power,vs. avg.F/G
Matt Wisler,vs. Finesse,vs. Fly Ball
Matthew Bowman,vs. avg.P/F,vs. GrndBall
Matthew Boyd,vs. avg.P/F,vs. Fly Ball
Mauricio Cabrera,vs. Power,vs. avg.F/G
Max Fried,vs. Power,vs. GrndBall
Max Scherzer,vs. Power,vs. Fly Ball
Merandy Gonzalez,vs. avg.P/F,vs. Fly Ball
Michael Blazek,vs. avg.P/F,vs. avg.F/G
Michael Feliz,vs. Power,vs. Fly Ball
Michael Fulmer,vs. Finesse,vs. GrndBall
Michael Kohn,vs. Power,vs. Fly Ball
Michael Lorenzen,vs. avg.P/F,vs. GrndBall
Michael Pineda,vs. avg.P/F,vs. avg.F/G
Michael Tonkin,vs. avg.P/F,vs. Fly Ball
Michael Wacha,vs. avg.P/F,vs. GrndBall
Miguel Castro,vs. avg.P/F,vs. GrndBall
Miguel Gonzalez,vs. Finesse,vs. Fly Ball
Miguel Socolovich,vs. avg.P/F,vs. Fly Ball
Mike Adams,vs. avg.P/F,vs. Fly Ball
Mike Bolsinger,vs. avg.P/F,vs. GrndBall
Mike Clevinger,vs. Power,vs. avg.F/G
Mike Dunn,vs. Power,vs. Fly Ball
Mike Fiers,vs. avg.P/F,vs. Fly Ball
Mike Foltynewicz,vs. avg.P/F,vs. Fly Ball
Mike Leake,vs. Finesse,vs. GrndBall
Mike Mayers,vs. Finesse,vs. avg.F/G
Mike Minor,vs. avg.P/F,vs. Fly Ball
Mike Montgomery,vs. avg.P/F,vs. GrndBall
Mike Morin,vs. avg.P/F,vs. Fly Ball
Mike Pelfrey,vs. Finesse,vs. GrndBall
Mike Soroka,vs. Finesse,vs. GrndBall
Mike Wright,vs. Finesse,vs. avg.F/G
Mike Wright Jr.,vs. Finesse,vs. avg.F/G
Miles Mikolas,vs. Finesse,vs. GrndBall
Mitch Harris,vs. Finesse,vs. Fly Ball
Mychal Givens,vs. Power,vs. avg.F/G
Nate Jones,vs. Power,vs. avg.F/G
Nate Karns,vs. Power,vs. avg.F/G
Nathan Eovaldi,vs. Finesse,vs. avg.F/G
Neal Cotts,vs. Power,vs. avg.F/G
Neftali Feliz,vs. Power,vs. Fly Ball
Neil Ramirez,vs. Power,vs. Fly Ball
Nick Greenwood,vs. Finesse,vs. GrndBall
Nick Hagadone,vs. Power,vs. Fly Ball
Nick Kingham,vs. avg.P/F,vs. Fly Ball
Nick Martinez,vs. Finesse,vs. avg.F/G
Nick Masset,vs. avg.P/F,vs. GrndBall
Nick Pivetta,vs. Power,vs. avg.F/G
Nick Tepesch,vs. Finesse,vs. avg.F/G
Nick Tropeano,vs. avg.P/F,vs. Fly Ball
Nick Vincent,vs. avg.P/F,vs. Fly Ball
Nick Wittgren,vs. avg.P/F,vs. Fly Ball
Noah Syndergaard,vs. Power,vs. GrndBall
Noe Ramirez,vs. Power,vs. avg.F/G
Odrisamer Despaigne,vs. Finesse,vs. GrndBall
Oliver Drake,vs. Power,vs. GrndBall
Oliver Perez,vs. Power,vs. Fly Ball
Pablo Lopez,vs. avg.P/F,vs. GrndBall
Parker Bridwell,vs. Finesse,vs. Fly Ball
Pat Neshek,vs. avg.P/F,vs. Fly Ball
Patrick Corbin,vs. avg.P/F,vs. GrndBall
Paul Blackburn,vs. Finesse,vs. GrndBall
Paul Clemens,vs. Finesse,vs. Fly Ball
Pedro Araujo,vs. Power,vs. Fly Ball
Pedro Baez,vs. Power,vs. Fly Ball
Pedro Figueroa,vs. avg.P/F,vs. avg.F/G
Pedro Strop,vs. Power,vs. GrndBall
Peter Moylan,vs. avg.P/F,vs. GrndBall
Phil Coke,vs. Finesse,vs. avg.F/G
Phil Hughes,vs. Finesse,vs. Fly Ball
Phil Maton,vs. Power,vs. avg.F/G
Pierce Johnson,vs. avg.P/F,vs. avg.F/G
Preston Claiborne,vs. Finesse,vs. Fly Ball
R.A. Dickey,vs. Finesse,vs. avg.F/G
Rafael Betancourt,vs. avg.P/F,vs. Fly Ball
Rafael Martin,vs. Power,vs. avg.F/G
Rafael Montero,vs. Power,vs. avg.F/G
Rafael Soriano,vs. Power,vs. Fly Ball
Raisel Iglesias,vs. Power,vs. avg.F/G
Randall Delgado,vs. avg.P/F,vs. avg.F/G
Randy Choate,vs. avg.P/F,vs. GrndBall
Randy Rosario,vs. Finesse,vs. GrndBall
Rex Brothers,vs. Power,vs. avg.F/G
Reyes Moronta,vs. Power,vs. Fly Ball
Reynaldo Lopez,vs. avg.P/F,vs. Fly Ball
Rich Hill,vs. Power,vs. Fly Ball
Richard Bleier,vs. Finesse,vs. GrndBall
Richard Rodriguez,vs. Power,vs. Fly Ball
Rick Porcello,vs. Finesse,vs. GrndBall
Ricky Nolasco,vs. Finesse,vs. avg.F/G
Rob Rasmussen,vs. Power,vs. Fly Ball
Rob Scahill,vs. Finesse,vs. GrndBall
Robbie Erlin,vs. Finesse,vs. avg.F/G
Robbie Ray,vs. Power,vs. avg.F/G
Robbie Ross,vs. avg.P/F,vs. GrndBall
Robby Scott,vs. avg.P/F,vs. avg.F/G
Robert Gsellman,vs. Finesse,vs. GrndBall
Robert Stephenson,vs. Power,vs. Fly Ball
Roberto Gomez,vs. Finesse,vs. avg.F/G
Roberto Hernandez,vs. Finesse,vs. GrndBall
Roberto Osuna,vs. Power,vs. Fly Ball
Roenis Elias,vs. avg.P/F,vs. avg.F/G
Ronald Belisario,vs. avg.P/F,vs. GrndBall
Ross Detwiler,vs. Finesse,vs. avg.F/G
Ross Ohlendorf,vs. Finesse,vs. Fly Ball
Ross Stripling,vs. avg.P/F,vs. GrndBall
Rubby De La Rosa,vs. avg.P/F,vs. GrndBall
Ryan Buchter,vs. Power,vs. Fly Ball
Ryan Cook,vs. Power,vs. avg.F/G
Ryan Dull,vs. avg.P/F,vs. Fly Ball
Ryan Madson,vs. avg.P/F,vs. avg.F/G
Ryan Mattheus,vs. Finesse,vs. GrndBall
Ryan Merritt,vs. Finesse,vs. GrndBall
Ryan Pressly,vs. avg.P/F,vs. avg.F/G
Ryan Sherriff,vs. avg.P/F,vs. GrndBall
Ryan Tepera,vs. Power,vs. avg.F/G
Ryan Vogelsong,vs. Finesse,vs. avg.F/G
Ryan Webb,vs. Finesse,vs. GrndBall
Ryan Yarbrough,vs. avg.P/F,vs. avg.F/G
Sal Romano,vs. avg.P/F,vs. GrndBall
Sam Deduno,vs. avg.P/F,vs. GrndBall
Sam Dyson,vs. Finesse,vs. GrndBall
Sam Freeman,vs. Power,vs. GrndBall
Sam Gaviglio,vs. Finesse,vs. GrndBall
Sam Tuivailala,vs. avg.P/F,vs. GrndBall
Sammy Solis,vs. Power,vs. avg.F/G
Sandy Alcantara,vs. Power,vs. avg.F/G
Santiago Casilla,vs. Power,vs. avg.F/G
Scott Alexander,vs. avg.P/F,vs. GrndBall
Scott Atchison,vs. Finesse,vs. GrndBall
Scott Baker,vs. Finesse,vs. Fly Ball
Scott Barlow,vs. Finesse,vs. Fly Ball
Scott Carroll,vs. Finesse,vs. GrndBall
Scott Elbert,vs. Power,vs. Fly Ball
Scott Feldman,vs. Finesse,vs. GrndBall
Scott Kazmir,vs. avg.P/F,vs. Fly Ball
Scott Oberg,vs. avg.P/F,vs. GrndBall
Sean Doolittle,vs. Power,vs. Fly Ball
Sean Gilmartin,vs. avg.P/F,vs. avg.F/G
Sean Manaea,vs. Finesse,vs. avg.F/G
Sean Newcomb,vs. Power,vs. avg.F/G
Sean O'Sullivan,vs. Finesse,vs. Fly Ball
Seranthony Dominguez,vs. Power,vs. GrndBall
Sergio Romo,vs. Power,vs. Fly Ball
Seth Lugo,vs. avg.P/F,vs. avg.F/G
Seth Maness,vs. Finesse,vs. GrndBall
Seunghwan Oh,vs. Power,vs. Fly Ball
Severino Gonzalez,vs. Finesse,vs. Fly Ball
Shane Bieber,vs. Finesse,vs. avg.F/G
Shane Carle,vs. Finesse,vs. avg.F/G
Shane Greene,vs. avg.P/F,vs. avg.F/G
Shaun Marcum,vs. Finesse,vs. Fly Ball
Shawn Kelley,vs. Power,vs. Fly Ball
Shawn Tolleson,vs. avg.P/F,vs. avg.F/G
Shelby Miller,vs. avg.P/F,vs. avg.F/G
Shohei Ohtani,vs. Power,vs. Fly Ball
Silvino Bracho,vs. Power,vs. Fly Ball
Simon Castro,vs. Power,vs. Fly Ball
Sonny Gray,vs. avg.P/F,vs. GrndBall
Stephen Strasburg,vs. Power,vs. avg.F/G
Steve Cishek,vs. Power,vs. GrndBall
Steve Delabar,vs. Power,vs. Fly Ball
Steve Geltz,vs. Power,vs. Fly Ball
Steven Brault,vs. avg.P/F,vs. avg.F/G
Steven Matz,vs. avg.P/F,vs. GrndBall
Steven Wright,vs. Finesse,vs. avg.F/G
Stolmy Pimentel,vs. Power,vs. Fly Ball
T.J. House,vs. Finesse,vs. GrndBall
T.J. McFarland,vs. Finesse,vs. GrndBall
Taijuan Walker,vs. avg.P/F,vs. avg.F/G
Tanner Roark,vs. Finesse,vs. GrndBall
Tanner Scheppers,vs. avg.P/F,vs. avg.F/G
Taylor Jungmann,vs. avg.P/F,vs. GrndBall
Taylor Rogers,vs. avg.P/F,vs. GrndBall
Tayron Guerrero,vs. Power,vs. avg.F/G
Tim Adleman,vs. avg.P/F,vs. Fly Ball
Tim Hill,vs. avg.P/F,vs. GrndBall
Tim Hudson,vs. Finesse,vs. GrndBall
Tim Lincecum,vs. Power,vs. avg.F/G
Tim Mayza,vs. Power,vs. Fly Ball
Tim Peterson,vs. avg.P/F,vs. Fly Ball
Tim Stauffer,vs. Finesse,vs. GrndBall
Tom Gorzelanny,vs. avg.P/F,vs. Fly Ball
Tom Koehler,vs. avg.P/F,vs. avg.F/G
Tom Wilhelmsen,vs. Power,vs. avg.F/G
Tommy Hunter,vs. Finesse,vs. avg.F/G
Tommy Kahnle,vs. Power,vs. GrndBall
Tommy Layne,vs. Power,vs. GrndBall
Tommy Milone,vs. Finesse,vs. Fly Ball
Tony Barnette,vs. avg.P/F,vs. GrndBall
Tony Cingrani,vs. Power,vs. Fly Ball
Tony Sipp,vs. Power,vs. Fly Ball
Tony Watson,vs. avg.P/F,vs. avg.F/G
Tony Zych,vs. Power,vs. GrndBall
Travis Wood,vs. avg.P/F,vs. Fly Ball
Trevor Bauer,vs. Power,vs. avg.F/G
Trevor Cahill,vs. avg.P/F,vs. GrndBall
Trevor Gott,vs. Finesse,vs. GrndBall
Trevor Hildenberger,vs. avg.P/F,vs. GrndBall
Trevor May,vs. avg.P/F,vs. Fly Ball
Trevor Richards,vs. Power,vs. avg.F/G
Trevor Rosenthal,vs. Power,vs. avg.F/G
Trevor Williams,vs. Finesse,vs. GrndBall
Troy Scribner,vs. Power,vs. Fly Ball
Tsuyoshi Wada,vs. avg.P/F,vs. avg.F/G
Ty Blach,vs. Finesse,vs. GrndBall
Tyler Anderson,vs. avg.P/F,vs. avg.F/G
Tyler Chatwood,vs. avg.P/F,vs. GrndBall
Tyler Clippard,vs. Power,vs. Fly Ball
Tyler Duffey,vs. Finesse,vs. GrndBall
Tyler Glasnow,vs. Power,vs. GrndBall
Tyler Lyons,vs. avg.P/F,vs. avg.F/G
Tyler Mahle,vs. Power,vs. avg.F/G
Tyler Matzek,vs. avg.P/F,vs. GrndBall
Tyler Olson,vs. Power,vs. avg.F/G
Tyler Skaggs,vs. avg.P/F,vs. avg.F/G
Tyler Thornburg,vs. Power,vs. Fly Ball
Tyler Wilson,vs. Finesse,vs. GrndBall
Tyrell Jenkins,vs. Finesse,vs. GrndBall
Tyson Ross,vs. Power,vs. GrndBall
Ubaldo Jimenez,vs. Power,vs. avg.F/G
Vance Worley,vs. Finesse,vs. avg.F/G
Vic Black,vs. Power,vs. Fly Ball
Victor Arano,vs. Power,vs. avg.F/G
Vidal Nuno,vs. Finesse,vs. Fly Ball
Vince Velasquez,vs. Power,vs. Fly Ball
Wade Davis,vs. avg.P/F,vs. Fly Ball
Wade LeBlanc,vs. Finesse,vs. Fly Ball
Wade Miley,vs. Finesse,vs. GrndBall
Walker Buehler,vs. Power,vs. GrndBall
Wandy Peralta,vs. Power,vs. GrndBall
Wandy Rodriguez,vs. Finesse,vs. avg.F/G
Warwick Saupold,vs. Finesse,vs. avg.F/G
Wei-Yin Chen,vs. Finesse,vs. Fly Ball
Will Harris,vs. Power,vs. GrndBall
Will Smith,vs. Power,vs. avg.F/G
Williams Perez,vs. Finesse,vs. GrndBall
Wilmer Font,vs. avg.P/F,vs. Fly Ball
Wily Peralta,vs. Finesse,vs. GrndBall
Xavier Cedeno,vs. Power,vs. GrndBall
Yacksel Rios,vs. avg.P/F,vs. Fly Ball
Yimi Garcia,vs. avg.P/F,vs. Fly Ball
Yoervis Medina,vs. Power,vs. GrndBall
Yohan Flande,vs. Finesse,vs. GrndBall
Yohan Pino,vs. Finesse,vs. Fly Ball
Yordano Ventura,vs. avg.P/F,vs. GrndBall
Yoshihisa Hirano,vs. avg.P/F,vs. GrndBall
Yovani Gallardo,vs. avg.P/F,vs. avg.F/G
Yu Darvish,vs. Power,vs. avg.F/G
Yusmeiro Petit,vs. Finesse,vs. Fly Ball
Zac Rosscup,vs. Power,vs. Fly Ball
Zach Britton,vs. avg.P/F,vs. GrndBall
Zach Davies,vs. Finesse,vs. GrndBall
Zach Duke,vs. Finesse,vs. GrndBall
Zach Eflin,vs. Finesse,vs. avg.F/G
Zach McAllister,vs. avg.P/F,vs. Fly Ball
Zach Neal,vs. Finesse,vs. GrndBall
Zach Putnam,vs. Power,vs. GrndBall
Zack Godley,vs. Power,vs. GrndBall
Zack Greinke,vs. avg.P/F,vs. avg.F/G
Zack Wheeler,vs. Power,vs. GrndBall
